{"cameraMode":{"drawMode":0,"name":"Shaded","section":"Shading Mode"},"sceneLighting":false,"audioPlay":false,"sceneViewState":{"m_AlwaysRefresh":false,"showFog":true,"showSkybox":false,"showFlares":true,"showImageEffects":true,"showParticleSystems":true,"showVisualEffectGraphs":true,"m_FxEnabled":true},"in2DMode":false,"pivot":{"x":13.886290550231934,"y":-21.991153717041017,"z":1.782274603843689},"rotation":{"x":-0.019808687269687654,"y":-0.0006330872420221567,"z":0.0007233836222440004,"w":-0.9999483823776245},"size":0.7071067690849304,"orthographic":false}