{"cameraMode":{"drawMode":0,"name":"Shaded","section":"Shading Mode"},"sceneLighting":false,"audioPlay":false,"sceneViewState":{"m_AlwaysRefresh":false,"showFog":true,"showSkybox":false,"showFlares":true,"showImageEffects":true,"showParticleSystems":true,"showVisualEffectGraphs":true,"m_FxEnabled":true},"in2DMode":false,"pivot":{"x":-0.49900007247924807,"y":-1.5055017471313477,"z":1.429912805557251},"rotation":{"x":-0.029167717322707177,"y":-0.24404291808605195,"z":0.008286240510642529,"w":-0.9694836139678955},"size":12.12435531616211,"orthographic":false}