{"cameraMode":{"drawMode":0,"name":"Shaded","section":"Shading Mode"},"sceneLighting":false,"audioPlay":false,"sceneViewState":{"m_AlwaysRefresh":false,"showFog":true,"showSkybox":false,"showFlares":true,"showImageEffects":true,"showParticleSystems":true,"showVisualEffectGraphs":true,"m_FxEnabled":true},"in2DMode":false,"pivot":{"x":0.5701560974121094,"y":13.174124717712403,"z":0.3204078674316406},"rotation":{"x":0.47926998138427737,"y":-0.02002083696424961,"z":0.010859188623726368,"w":0.8776999115943909},"size":18.52848243713379,"orthographic":false}