{"cameraMode":{"drawMode":0,"name":"Shaded","section":"Shading Mode"},"sceneLighting":false,"audioPlay":false,"sceneViewState":{"m_AlwaysRefresh":false,"showFog":true,"showSkybox":false,"showFlares":true,"showImageEffects":true,"showParticleSystems":true,"showVisualEffectGraphs":true,"m_FxEnabled":true},"in2DMode":false,"pivot":{"x":-467.5089111328125,"y":-206.69146728515626,"z":697.9354248046875},"rotation":{"x":0.38604727387428286,"y":0.0038059356156736614,"z":-0.0017444960540160537,"w":0.922572910785675},"size":152.09397888183595,"orthographic":false}