{"cameraMode":{"drawMode":0,"name":"Shaded","section":"Shading Mode"},"sceneLighting":false,"audioPlay":false,"sceneViewState":{"m_AlwaysRefresh":false,"showFog":true,"showSkybox":false,"showFlares":true,"showImageEffects":true,"showParticleSystems":true,"showVisualEffectGraphs":true,"m_FxEnabled":true},"in2DMode":false,"pivot":{"x":13.338486671447754,"y":-22.12702751159668,"z":2.2995786666870119},"rotation":{"x":-0.13194750249385835,"y":0.0009927309583872557,"z":0.0008593308157287538,"w":-0.9914510250091553},"size":0.820056140422821,"orthographic":false}