{"cameraMode":{"drawMode":0,"name":"Shaded","section":"Shading Mode"},"sceneLighting":false,"audioPlay":false,"sceneViewState":{"m_AlwaysRefresh":false,"showFog":true,"showSkybox":false,"showFlares":true,"showImageEffects":true,"showParticleSystems":true,"showVisualEffectGraphs":true,"m_FxEnabled":true},"in2DMode":false,"pivot":{"x":0.011278849095106125,"y":0.0021504517644643785,"z":0.0663491040468216},"rotation":{"x":0.056398339569568637,"y":0.8896127343177795,"z":-0.114308662712574,"w":0.4386616349220276},"size":0.04755810275673866,"orthographic":false}